TRI_CHEM_ID,EFFICIENCY RANGE CODE,WASTE STREAM CODE,CHEMICAL/PHYSICAL,NUMBER
100210,E6,W,Physical,1
10028156,E4,W,Physical,1
10028156,E5,L,Chemical,1
10028156,E5,W,Chemical,1
100414,E1,L,Chemical,1
100414,E1,L,Physical,2
100414,E1,S,Physical,1
100414,E1,W,Physical,5
100414,E3,A,Physical,4
100414,E3,L,Physical,2
100414,E3,W,Physical,1
100414,E4,L,Chemical,1
100414,E4,L,Physical,9
100414,E4,S,Physical,1
100414,E5,A,Chemical,1
100414,E5,A,Physical,3
100414,E5,L,Physical,6
100414,E5,W,Chemical,1
100414,E5,W,Physical,2
100414,E6,A,Physical,2
100414,E6,L,Physical,4
100414,E6,S,Physical,3
100414,E6,W,Physical,2
100425,E1,L,Chemical,19
100425,E1,L,Physical,3
100425,E1,S,Physical,3
100425,E1,W,Chemical,1
100425,E1,W,Physical,2
100425,E3,L,Physical,1
100425,E3,W,Chemical,1
100425,E4,L,Chemical,3
100425,E4,L,Physical,1
100425,E4,S,Chemical,1
100425,E4,S,Physical,1
100425,E4,W,Chemical,2
100425,E4,W,Physical,2
100425,E4,X,Chemical,1
100425,E5,L,Chemical,5
100425,E5,L,Physical,3
100425,E5,S,Chemical,1
100425,E5,S,Physical,1
100425,E5,W,Physical,1
100425,E6,L,Chemical,1
100425,E6,L,Physical,3
100425,E6,S,Physical,4
100425,E6,W,Physical,1
100447,E1,L,Chemical,1
100447,E1,W,Physical,2
100447,E3,L,Chemical,1
100447,E4,W,Chemical,1
100447,E4,W,Physical,1
10049044,E1,A,Chemical,1
10049044,E1,W,Chemical,8
10049044,E1,W,Physical,4
10049044,E3,A,Chemical,1
10049044,E3,W,Chemical,1
10049044,E4,A,Chemical,1
10049044,E4,L,Chemical,1
10049044,E5,A,Chemical,1
10049044,E6,A,Chemical,1
10049044,E6,W,Chemical,2
101144,E1,S,Chemical,1
101144,E4,S,Chemical,1
101688,E1,L,Chemical,24
101688,E1,L,Physical,3
101688,E1,S,Chemical,5
101688,E1,S,Physical,1
101688,E1,W,Chemical,3
101688,E1,W,Physical,1
101688,E3,L,Chemical,1
101688,E3,W,Chemical,1
101688,E4,L,Chemical,4
101688,E4,L,Physical,4
101688,E4,S,Chemical,1
101688,E4,S,Physical,1
101688,E5,L,Chemical,2
101688,E6,L,Chemical,1
101688,E6,L,Physical,2
101688,E6,S,Chemical,1
101779,E5,W,Physical,1
105679,E6,W,Physical,1
106423,E1,L,Physical,1
106423,E1,W,Physical,1
106423,E4,L,Physical,1
106445,E1,L,Physical,1
106445,E5,W,Chemical,1
106445,E5,W,Physical,1
106467,E4,S,Physical,1
106503,E6,W,Physical,1
106898,E1,L,Chemical,2
106898,E1,W,Chemical,7
106898,E1,W,Physical,1
106898,E3,L,Chemical,1
106898,E3,W,Chemical,3
106898,E4,A,Chemical,1
106898,E4,L,Chemical,1
106898,E4,W,Chemical,3
106898,E5,L,Chemical,1
106898,E5,W,Chemical,2
106898,E6,L,Physical,1
106898,E6,S,Physical,1
106898,E6,W,Chemical,3
106990,E1,L,Chemical,1
106990,E4,W,Physical,1
106990,E6,W,Physical,1
107028,E1,W,Physical,1
107028,E6,L,Physical,3
107051,E5,W,Physical,1
107062,E1,W,Physical,2
107062,E4,L,Physical,1
107062,E4,W,Chemical,1
107062,E4,W,Physical,1
107062,E5,A,Physical,1
107062,E5,L,Physical,1
107062,E5,W,Chemical,1
107062,E5,W,Physical,2
107062,E6,L,Physical,1
107062,E6,S,Physical,2
107062,E6,W,Chemical,1
107131,E1,L,Physical,1
107131,E1,W,Physical,3
107131,E3,L,Physical,1
107131,E3,W,Chemical,2
107131,E4,W,Chemical,2
107131,E5,W,Chemical,2
107131,E5,W,Physical,1
107131,E6,A,Physical,1
107131,E6,L,Physical,1
107131,E6,W,Chemical,1
107131,E6,W,Physical,1
107186,E6,L,Physical,1
107186,E6,S,Physical,1
107211,E1,A,Physical,1
107211,E1,L,Chemical,5
107211,E1,L,Physical,1
107211,E1,S,Physical,4
107211,E1,W,Chemical,1
107211,E1,W,Physical,5
107211,E3,L,Chemical,1
107211,E3,S,Physical,1
107211,E3,W,Chemical,1
107211,E3,W,Physical,2
107211,E4,L,Physical,1
107211,E4,S,Physical,1
107211,E4,W,Chemical,4
107211,E4,W,Physical,6
107211,E5,A,Physical,1
107211,E5,L,Chemical,1
107211,E5,L,Physical,1
107211,E5,S,Physical,1
107211,E5,W,Chemical,2
107211,E5,W,Physical,5
107211,E6,L,Physical,1
107211,E6,S,Chemical,1
107211,E6,S,Physical,2
107211,E6,W,Chemical,5
107211,E6,W,Physical,9
107302,E1,L,Chemical,1
107302,E1,W,Chemical,2
108054,E1,A,Physical,1
108054,E1,W,Physical,1
108054,E3,S,Physical,1
108054,E4,W,Chemical,1
108054,E5,W,Chemical,1
108054,E5,W,Physical,2
108054,E6,W,Chemical,1
108054,E6,W,Physical,2
108101,E1,L,Physical,1
108101,E1,W,Physical,4
108101,E3,L,Physical,1
108101,E3,W,Physical,1
108101,E4,A,Physical,1
108101,E4,L,Chemical,1
108101,E4,L,Physical,5
108101,E4,S,Physical,1
108101,E4,W,Physical,1
108101,E5,L,Physical,8
108101,E5,W,Chemical,1
108101,E5,W,Physical,2
108101,E6,A,Physical,1
108101,E6,L,Physical,5
108101,E6,S,Physical,2
108101,E6,W,Physical,3
108316,E1,A,Chemical,1
108316,E1,L,Chemical,3
108316,E1,S,Chemical,1
108316,E1,W,Chemical,6
108316,E1,W,Physical,5
108316,E3,A,Chemical,1
108316,E3,S,Physical,1
108316,E3,W,Chemical,1
108316,E4,A,Physical,1
108316,E4,W,Chemical,1
108316,E4,W,Physical,1
108316,E6,L,Chemical,1
108394,E1,W,Chemical,1
108394,E4,W,Chemical,1
108452,E4,S,Physical,2
108883,E1,L,Chemical,1
108883,E1,L,Physical,8
108883,E1,S,Chemical,1
108883,E1,S,Physical,2
108883,E1,W,Chemical,1
108883,E1,W,Physical,5
108883,E3,A,Physical,4
108883,E3,L,Physical,4
108883,E3,W,Chemical,1
108883,E4,A,Physical,3
108883,E4,L,Chemical,1
108883,E4,L,Physical,17
108883,E4,S,Physical,7
108883,E4,W,Chemical,2
108883,E4,W,Physical,4
108883,E5,A,Physical,11
108883,E5,L,Chemical,2
108883,E5,L,Physical,32
108883,E5,S,Physical,4
108883,E5,W,Chemical,2
108883,E5,W,Physical,2
108883,E6,A,Physical,1
108883,E6,L,Physical,13
108883,E6,S,Chemical,1
108883,E6,S,Physical,8
108883,E6,W,Physical,15
108907,E4,A,Physical,1
108907,E4,L,Physical,1
108907,E6,L,Physical,1
108952,E1,S,Physical,2
108952,E1,W,Physical,3
108952,E3,A,Physical,1
108952,E3,L,Physical,1
108952,E3,W,Chemical,3
108952,E3,W,Physical,2
108952,E4,A,Chemical,1
108952,E4,L,Chemical,1
108952,E4,L,Physical,1
108952,E4,S,Physical,1
108952,E4,W,Chemical,6
108952,E4,W,Physical,5
108952,E5,A,Chemical,1
108952,E5,S,Physical,2
108952,E5,W,Chemical,7
108952,E5,W,Physical,6
108952,E6,L,Physical,2
108952,E6,S,Physical,3
108952,E6,W,Chemical,4
108952,E6,W,Physical,7
109864,E1,A,Physical,1
109864,E4,A,Physical,1
109864,E5,A,Physical,1
109864,E6,L,Physical,1
109864,E6,W,Physical,1
110543,E1,L,Physical,1
110543,E1,S,Physical,1
110543,E3,A,Physical,1
110543,E4,A,Chemical,1
110543,E4,L,Physical,1
110543,E4,S,Physical,1
110543,E4,W,Physical,1
110543,E5,A,Physical,1
110543,E5,L,Physical,1
110543,E5,S,Physical,1
110543,E6,A,Chemical,1
110543,E6,L,Physical,2
110543,E6,S,Physical,1
110543,E6,W,Physical,3
110805,E1,W,Chemical,1
110805,E4,W,Chemical,1
110805,E6,S,Physical,1
110827,E1,L,Physical,1
110827,E1,W,Physical,1
110827,E3,W,Physical,1
110827,E4,L,Physical,7
110827,E4,S,Physical,1
110827,E6,L,Physical,2
110861,E6,L,Physical,3
110861,E6,W,Physical,1
111422,E1,L,Physical,3
111422,E1,S,Physical,1
111422,E1,W,Chemical,1
111422,E3,W,Chemical,1
111422,E4,W,Chemical,2
111422,E4,W,Physical,3
111422,E5,L,Chemical,1
111422,E5,W,Physical,1
111422,E6,L,Physical,1
111422,E6,W,Physical,5
115071,E1,W,Physical,2
115071,E4,A,Physical,1
115071,E5,A,Physical,1
115071,E6,A,Physical,1
116063,E4,W,Chemical,1
1163195,E1,S,Physical,1
1163195,E4,S,Chemical,1
1163195,E5,S,Physical,4
1163195,E6,S,Physical,1
117817,E1,S,Physical,1
117817,E4,L,Physical,3
117817,E5,L,Physical,1
117817,E6,A,Physical,4
117817,E6,S,Physical,1
117840,E1,L,Physical,1
118741,E6,S,Chemical,1
118741,E6,S,Physical,3
120127,E1,W,Physical,1
120127,E6,S,Physical,1
120581,E4,W,Chemical,1
120809,E5,A,Physical,1
120809,E5,L,Physical,1
120821,E6,W,Physical,2
121142,E6,W,Chemical,1
121448,E4,L,Chemical,1
121448,E6,L,Physical,1
121448,E6,W,Chemical,1
121755,E3,W,Physical,1
123319,E1,W,Physical,2
123319,E5,W,Chemical,2
123319,E5,W,Physical,2
123319,E6,L,Physical,1
123319,E6,W,Physical,4
123386,E1,A,Physical,1
123386,E1,W,Physical,1
123386,E6,L,Physical,1
123911,E5,A,Physical,2
123911,E5,L,Physical,1
123911,E6,W,Physical,3
124403,E5,W,Chemical,1
124403,E6,W,Chemical,2
126987,E6,L,Physical,1
127184,E1,L,Chemical,1
127184,E1,L,Physical,1
127184,E3,W,Physical,1
127184,E4,L,Chemical,1
127184,E4,S,Physical,2
127184,E4,W,Chemical,1
127184,E4,W,Physical,1
127184,E5,A,Physical,1
127184,E5,L,Chemical,1
127184,E5,L,Physical,6
127184,E5,W,Physical,1
127184,E6,L,Physical,11
127184,E6,S,Chemical,1
127184,E6,S,Physical,4
127184,E6,W,Physical,4
127184,E6,X,Physical,1
128041,E1,L,Chemical,1
128041,E3,W,Chemical,2
128041,E4,W,Chemical,2
128041,E5,W,Chemical,2
1310732,E1,L,Chemical,1
1310732,E1,L,Physical,2
1310732,E1,S,Chemical,1
1310732,E1,S,Physical,5
1310732,E1,W,Chemical,24
1310732,E1,W,Physical,94
1310732,E3,L,Physical,2
1310732,E3,S,Chemical,1
1310732,E3,W,Chemical,1
1310732,E3,W,Physical,4
1310732,E4,L,Physical,1
1310732,E4,W,Chemical,4
1310732,E4,W,Physical,10
1310732,E5,S,Physical,1
1310732,E5,W,Chemical,1
1310732,E5,W,Physical,12
1310732,E5,X,Physical,1
1310732,E6,S,Chemical,1
1310732,E6,W,Physical,11
131113,E1,W,Physical,1
131113,E5,A,Physical,1
131113,E5,S,Physical,1
131113,E6,S,Physical,1
1313275,E1,S,Chemical,1
1313275,E4,S,Chemical,1
1313275,E4,S,Physical,1
1313275,E4,W,Physical,1
1313275,E5,S,Physical,1
1313275,E6,S,Chemical,2
1313275,E6,S,Physical,2
1313275,E6,W,Physical,2
1319773,E1,A,Chemical,2
1319773,E1,L,Chemical,1
1319773,E1,L,Physical,1
1319773,E3,W,Physical,2
1319773,E4,A,Physical,1
1319773,E5,A,Chemical,1
1319773,E5,A,Physical,1
1319773,E5,W,Chemical,1
1319773,E6,L,Physical,1
1319773,E6,S,Physical,1
1319773,E6,W,Physical,2
1330207,E1,L,Chemical,1
1330207,E1,L,Physical,6
1330207,E1,S,Chemical,1
1330207,E1,S,Physical,2
1330207,E1,W,Chemical,1
1330207,E1,W,Physical,8
1330207,E3,A,Chemical,1
1330207,E3,A,Physical,3
1330207,E3,L,Physical,4
1330207,E3,S,Physical,1
1330207,E3,W,Chemical,1
1330207,E3,W,Physical,2
1330207,E4,A,Physical,1
1330207,E4,L,Chemical,2
1330207,E4,L,Physical,16
1330207,E4,S,Chemical,1
1330207,E4,S,Physical,5
1330207,E4,W,Chemical,2
1330207,E4,W,Physical,4
1330207,E5,A,Chemical,1
1330207,E5,A,Physical,9
1330207,E5,L,Chemical,2
1330207,E5,L,Physical,28
1330207,E5,S,Physical,5
1330207,E5,W,Chemical,2
1330207,E5,W,Physical,2
1330207,E6,A,Physical,6
1330207,E6,L,Chemical,1
1330207,E6,L,Physical,15
1330207,E6,S,Chemical,1
1330207,E6,S,Physical,8
1330207,E6,W,Physical,10
133062,E5,W,Physical,2
1332214,E1,A,Physical,3
1332214,E1,S,Physical,5
1332214,E1,W,Physical,1
1332214,E3,A,Physical,1
1332214,E6,S,Chemical,2
1332214,E6,S,Physical,2
1336363,E1,L,Chemical,1
1336363,E3,L,Chemical,1
1336363,E4,S,Physical,1
1336363,E5,L,Chemical,1
1336363,E6,L,Chemical,1
1336363,E6,L,Physical,1
1336363,E6,S,Chemical,3
1336363,E6,S,Physical,3
1336363,E6,W,Physical,1
1344281,E1,A,Physical,1
1344281,E1,S,Physical,4
1344281,E3,S,Chemical,1
1344281,E4,A,Chemical,1
1344281,E4,S,Physical,1
1344281,E4,W,Physical,1
1344281,E5,A,Physical,1
1344281,E5,L,Physical,1
1344281,E5,S,Physical,1
1344281,E5,W,Physical,2
1344281,E6,S,Physical,3
1344281,E6,W,Physical,1
135206,E6,W,Physical,1
137268,E4,S,Physical,1
137268,E5,L,Physical,1
137268,E5,W,Physical,2
137428,E6,W,Physical,1
139139,E1,W,Physical,2
139139,E6,W,Chemical,1
140885,E1,L,Chemical,1
140885,E1,W,Physical,1
140885,E3,A,Physical,1
140885,E4,W,Chemical,3
140885,E5,W,Physical,1
140885,E6,S,Physical,1
140885,E6,W,Physical,1
141322,E1,L,Chemical,1
141322,E1,W,Physical,3
141322,E3,A,Physical,1
141322,E3,S,Physical,1
141322,E4,W,Chemical,1
141322,E5,S,Chemical,2
141322,E5,W,Physical,2
141322,E6,S,Chemical,1
141322,E6,W,Physical,2
149304,E4,S,Physical,1
1563662,E1,W,Chemical,1
1563662,E3,W,Chemical,1
1563662,E4,W,Chemical,1
1582098,E1,S,Physical,1
1582098,E3,W,Physical,1
1582098,E4,W,Physical,1
1582098,E5,S,Physical,1
1582098,E5,W,Chemical,1
1582098,E6,S,Chemical,1
1634044,E1,W,Physical,1
1634044,E3,A,Physical,1
1717006,E4,L,Physical,1
1717006,E6,L,Chemical,1
1861401,E5,S,Physical,1
1897456,E3,W,Chemical,1
1897456,E4,W,Chemical,1
1897456,E5,W,Chemical,1
1897456,E6,S,Chemical,1
1910425,E3,W,Physical,1
1912249,E3,A,Physical,1
1912249,E3,W,Physical,1
1912249,E6,S,Chemical,1
191242,E1,S,Physical,1
191242,E4,L,Physical,1
191242,E6,A,Physical,1
191242,E6,L,Physical,1
191242,E6,S,Chemical,1
191242,E6,S,Physical,4
191242,E6,W,Physical,2
1918009,E6,W,Physical,1
1928434,E3,W,Physical,1
20325400,E1,W,Chemical,1
25321146,E6,W,Chemical,1
26471625,E1,L,Chemical,6
26471625,E1,S,Chemical,1
26471625,E1,S,Physical,1
26471625,E1,W,Chemical,4
26471625,E3,L,Chemical,1
26471625,E4,L,Chemical,3
26471625,E5,L,Chemical,1
26471625,E5,S,Physical,1
26471625,E6,L,Chemical,1
26471625,E6,W,Chemical,1
26628228,E1,S,Physical,2
26628228,E1,W,Chemical,2
26628228,E4,S,Physical,2
26628228,E4,W,Physical,1
2832408,E5,W,Chemical,1
298000,E3,W,Physical,1
302012,E1,A,Physical,2
302012,E1,W,Chemical,2
302012,E1,W,Physical,2
302012,E4,W,Chemical,1
302012,E5,W,Chemical,2
302012,E5,W,Physical,1
302012,E6,L,Chemical,1
302012,E6,W,Physical,2
309002,E6,S,Physical,1
463581,E3,A,Chemical,1
463581,E3,W,Chemical,1
463581,E4,A,Chemical,2
463581,E5,A,Chemical,1
463581,E5,A,Physical,1
50000,E1,A,Physical,1
50000,E1,L,Chemical,3
50000,E1,W,Chemical,17
50000,E1,W,Physical,13
50000,E3,L,Chemical,1
50000,E3,S,Physical,1
50000,E3,W,Chemical,6
50000,E3,W,Physical,1
50000,E4,A,Chemical,1
50000,E4,A,Physical,3
50000,E4,L,Chemical,3
50000,E4,W,Chemical,14
50000,E4,W,Physical,4
50000,E5,A,Physical,1
50000,E5,L,Physical,1
50000,E5,W,Chemical,11
50000,E5,W,Physical,7
50000,E6,A,Chemical,3
50000,E6,A,Physical,2
50000,E6,L,Chemical,1
50000,E6,L,Physical,1
50000,E6,W,Chemical,2
50000,E6,W,Physical,15
51796,E6,S,Chemical,1
51796,E6,S,Physical,1
5234684,E5,W,Physical,2
528290,E1,L,Chemical,1
534521,E5,W,Chemical,1
534521,E6,W,Chemical,1
541413,E1,L,Chemical,1
541413,E4,L,Chemical,1
541413,E4,W,Chemical,1
542881,E1,W,Chemical,1
55406536,E4,W,Chemical,2
55630,E1,S,Chemical,1
55630,E1,S,Physical,1
55630,E1,W,Chemical,2
55630,E1,W,Physical,1
55630,E4,W,Chemical,2
55630,E5,W,Chemical,1
55630,E6,W,Physical,1
56235,E1,L,Chemical,1
56235,E3,W,Physical,1
56235,E4,W,Physical,1
56235,E5,W,Physical,2
56235,E6,W,Physical,1
57147,E1,W,Chemical,1
57147,E1,W,Physical,1
57147,E4,A,Chemical,1
57147,E5,W,Chemical,1
57147,E6,W,Chemical,2
57147,E6,W,Physical,1
57749,E6,S,Chemical,1
57749,E6,S,Physical,3
584849,E1,L,Chemical,5
584849,E1,S,Chemical,1
584849,E1,W,Chemical,1
584849,E1,W,Physical,1
584849,E3,L,Chemical,3
584849,E3,W,Chemical,1
584849,E4,L,Chemical,3
58899,E5,W,Physical,1
58899,E6,S,Physical,1
60344,E1,L,Chemical,1
60344,E1,W,Chemical,1
60344,E1,W,Physical,1
60344,E5,W,Chemical,1
60344,E6,W,Chemical,1
60355,E6,L,Physical,1
606202,E6,W,Chemical,1
612839,E1,S,Chemical,1
612839,E1,W,Chemical,2
612839,E1,W,Physical,1
624839,E1,A,Chemical,1
62533,E1,L,Physical,1
62533,E1,W,Chemical,1
62533,E3,L,Physical,1
62533,E4,L,Chemical,1
62533,E4,W,Physical,1
62533,E5,W,Chemical,4
62533,E5,W,Physical,3
62533,E6,L,Physical,1
62533,E6,W,Chemical,1
62533,E6,W,Physical,1
62566,E1,W,Chemical,4
62566,E4,W,Chemical,1
62566,E5,W,Chemical,1
62566,E6,S,Physical,1
62737,E3,W,Chemical,1
630206,E1,S,Physical,1
63252,E1,W,Chemical,1
63252,E3,L,Chemical,1
63252,E3,W,Chemical,1
63252,E4,A,Physical,1
63252,E5,S,Physical,1
64186,E1,L,Chemical,1
64186,E1,W,Chemical,3
64186,E1,W,Physical,3
64186,E6,A,Physical,1
64186,E6,L,Chemical,1
64186,E6,W,Physical,1
64675,E1,W,Chemical,7
64675,E3,W,Chemical,1
64675,E4,W,Physical,1
6484522,E1,W,Chemical,1
6484522,E1,W,Physical,2
6484522,E3,W,Physical,1
6484522,E4,W,Physical,1
6484522,E5,W,Physical,1
6484522,E6,W,Physical,1
67561,E1,A,Chemical,1
67561,E1,L,Physical,1
67561,E1,W,Chemical,5
67561,E1,W,Physical,13
67561,E3,L,Physical,3
67561,E3,W,Physical,3
67561,E4,A,Physical,4
67561,E4,L,Physical,7
67561,E4,S,Physical,2
67561,E4,W,Chemical,2
67561,E4,W,Physical,6
67561,E5,A,Physical,5
67561,E5,L,Chemical,2
67561,E5,L,Physical,6
67561,E5,S,Physical,3
67561,E5,W,Physical,7
67561,E6,A,Physical,1
67561,E6,L,Physical,5
67561,E6,S,Physical,5
67561,E6,W,Chemical,3
67561,E6,W,Physical,30
67630,E1,A,Physical,1
67630,E1,W,Physical,3
67630,E3,L,Physical,1
67630,E4,L,Physical,2
67630,E4,W,Chemical,1
67630,E5,L,Physical,1
67630,E5,S,Physical,1
67630,E6,L,Physical,1
67630,E6,W,Physical,2
67641,E1,L,Physical,2
67641,E1,S,Physical,5
67641,E1,W,Physical,4
67641,E4,A,Chemical,1
67641,E4,L,Physical,5
67641,E4,S,Chemical,1
67641,E4,S,Physical,2
67641,E4,W,Chemical,1
67641,E4,W,Physical,4
67641,E5,A,Physical,4
67641,E5,L,Physical,18
67641,E5,S,Physical,1
67641,E5,W,Chemical,2
67641,E5,W,Physical,2
67641,E6,A,Physical,3
67641,E6,L,Physical,7
67641,E6,S,Physical,4
67641,E6,W,Physical,4
67663,E3,S,Physical,1
67663,E3,W,Chemical,1
67663,E3,W,Physical,1
67663,E4,W,Physical,1
67663,E5,A,Chemical,1
67663,E5,W,Chemical,1
67663,E5,W,Physical,3
67663,E6,W,Chemical,1
67663,E6,W,Physical,2
68122,E1,W,Physical,1
68122,E4,L,Chemical,1
68122,E6,L,Physical,1
68122,E6,W,Physical,1
71363,E1,L,Chemical,1
71363,E1,S,Chemical,1
71363,E1,W,Physical,3
71363,E3,L,Physical,3
71363,E3,W,Physical,2
71363,E4,W,Chemical,1
71363,E4,W,Physical,1
71363,E5,A,Physical,4
71363,E5,L,Physical,6
71363,E5,S,Physical,1
71363,E5,W,Physical,2
71363,E6,L,Physical,3
71363,E6,S,Physical,4
71363,E6,W,Chemical,1
71363,E6,W,Physical,5
71432,E1,A,Chemical,1
71432,E1,L,Physical,1
71432,E1,S,Physical,1
71432,E1,W,Physical,2
71432,E3,A,Physical,4
71432,E3,S,Chemical,1
71432,E4,A,Physical,1
71432,E4,L,Chemical,1
71432,E4,L,Physical,7
71432,E4,S,Chemical,2
71432,E4,S,Physical,1
71432,E4,W,Physical,1
71432,E5,A,Physical,2
71432,E5,W,Chemical,1
71432,E5,W,Physical,2
71432,E6,A,Physical,1
71432,E6,L,Physical,4
71432,E6,S,Physical,3
71432,E6,W,Physical,4
71556,E1,L,Physical,6
71556,E1,W,Physical,2
71556,E3,L,Chemical,1
71556,E3,L,Physical,2
71556,E3,W,Chemical,1
71556,E3,W,Physical,1
71556,E4,A,Physical,1
71556,E4,L,Physical,6
71556,E4,S,Physical,2
71556,E4,W,Chemical,1
71556,E5,A,Physical,1
71556,E5,L,Physical,11
71556,E5,W,Physical,2
71556,E6,A,Chemical,1
71556,E6,L,Physical,5
71556,E6,S,Physical,2
71556,E6,W,Physical,3
72435,E6,S,Physical,1
7429905,E1,A,Physical,1
7429905,E1,S,Physical,2
7429905,E3,S,Physical,1
7429905,E4,A,Physical,1
7429905,E5,A,Physical,1
7429905,E5,S,Chemical,1
7429905,E5,S,Physical,1
7429905,E6,A,Physical,1
7429905,E6,S,Chemical,1
7429905,E6,S,Physical,3
7429905,E6,W,Physical,2
7439921,E1,A,Physical,1
7439921,E1,L,Physical,3
7439921,E1,S,Chemical,3
7439921,E1,S,Physical,7
7439921,E1,W,Physical,5
7439921,E3,A,Physical,1
7439921,E3,S,Physical,2
7439921,E3,W,Chemical,2
7439921,E4,A,Physical,3
7439921,E4,S,Chemical,3
7439921,E4,S,Physical,7
7439921,E4,W,Chemical,10
7439921,E4,W,Physical,4
7439921,E4,X,Physical,1
7439921,E5,A,Physical,1
7439921,E5,L,Physical,2
7439921,E5,S,Chemical,3
7439921,E5,S,Physical,3
7439921,E5,W,Chemical,8
7439921,E5,W,Physical,1
7439921,E6,S,Chemical,2
7439921,E6,S,Physical,13
7439921,E6,W,Chemical,3
7439921,E6,W,Physical,8
7439965,E1,A,Physical,1
7439965,E1,L,Chemical,1
7439965,E1,L,Physical,7
7439965,E1,S,Physical,1
7439965,E3,S,Physical,1
7439965,E3,W,Chemical,1
7439965,E3,W,Physical,1
7439965,E4,A,Physical,3
7439965,E4,S,Physical,2
7439965,E4,W,Physical,1
7439965,E5,L,Physical,1
7439965,E5,S,Physical,2
7439965,E5,W,Chemical,2
7439965,E5,W,Physical,2
7439965,E6,S,Chemical,1
7439965,E6,S,Physical,2
7439965,E6,W,Physical,6
7439976,E1,S,Chemical,1
7439976,E1,S,Physical,1
7439976,E3,S,Physical,1
7439976,E3,W,Chemical,1
7439976,E4,S,Chemical,1
7439976,E5,L,Chemical,1
7439976,E5,W,Chemical,4
7439976,E6,S,Physical,5
7439976,E6,W,Chemical,1
7439976,E6,W,Physical,1
7439976,E6,X,Physical,1
7440020,E1,L,Chemical,2
7440020,E1,L,Physical,11
7440020,E1,S,Chemical,4
7440020,E1,S,Physical,6
7440020,E1,W,Chemical,5
7440020,E1,W,Physical,4
7440020,E3,A,Physical,1
7440020,E3,L,Chemical,1
7440020,E3,S,Physical,2
7440020,E3,W,Chemical,6
7440020,E3,W,Physical,4
7440020,E4,A,Physical,2
7440020,E4,S,Chemical,2
7440020,E4,S,Physical,3
7440020,E4,W,Chemical,10
7440020,E4,W,Physical,9
7440020,E4,X,Physical,1
7440020,E5,A,Physical,2
7440020,E5,L,Physical,2
7440020,E5,S,Chemical,1
7440020,E5,S,Physical,3
7440020,E5,W,Chemical,8
7440020,E5,W,Physical,6
7440020,E6,A,Physical,1
7440020,E6,L,Physical,1
7440020,E6,S,Chemical,1
7440020,E6,S,Physical,8
7440020,E6,W,Chemical,2
7440020,E6,W,Physical,9
7440224,E1,W,Chemical,4
7440224,E3,W,Chemical,1
7440224,E4,W,Chemical,2
7440224,E4,W,Physical,1
7440224,E5,W,Physical,1
7440224,E6,S,Physical,3
7440224,E6,W,Physical,1
7440360,E4,A,Physical,1
7440360,E4,W,Chemical,1
7440360,E5,A,Physical,1
7440360,E5,S,Physical,2
7440360,E6,S,Chemical,1
7440360,E6,S,Physical,10
7440360,E6,W,Physical,3
7440382,E1,W,Physical,1
7440382,E4,W,Chemical,1
7440382,E5,W,Chemical,1
7440382,E6,L,Chemical,1
7440382,E6,S,Physical,5
7440382,E6,W,Physical,1
7440393,E1,S,Physical,1
7440393,E4,S,Chemical,1
7440393,E4,S,Physical,1
7440393,E4,W,Chemical,1
7440393,E5,A,Physical,1
7440393,E5,L,Physical,1
7440393,E5,W,Chemical,1
7440393,E6,S,Physical,5
7440393,E6,W,Chemical,1
7440393,E6,W,Physical,1
7440417,E1,L,Physical,1
7440417,E5,W,Chemical,1
7440417,E6,S,Physical,1
7440439,E1,S,Chemical,1
7440439,E3,W,Chemical,1
7440439,E4,W,Chemical,2
7440439,E4,W,Physical,2
7440439,E5,S,Chemical,1
7440439,E5,W,Chemical,1
7440439,E6,L,Chemical,1
7440439,E6,L,Physical,1
7440439,E6,S,Chemical,1
7440439,E6,S,Physical,4
7440439,E6,W,Chemical,2
7440439,E6,W,Physical,1
7440473,E1,A,Physical,1
7440473,E1,L,Chemical,1
7440473,E1,L,Physical,10
7440473,E1,S,Chemical,4
7440473,E1,S,Physical,2
7440473,E1,W,Chemical,1
7440473,E1,W,Physical,1
7440473,E3,A,Chemical,1
7440473,E3,A,Physical,1
7440473,E3,L,Chemical,1
7440473,E3,S,Physical,1
7440473,E3,W,Chemical,2
7440473,E3,W,Physical,4
7440473,E4,A,Physical,1
7440473,E4,S,Chemical,1
7440473,E4,S,Physical,3
7440473,E4,W,Chemical,5
7440473,E4,W,Physical,6
7440473,E5,A,Physical,2
7440473,E5,L,Physical,2
7440473,E5,S,Physical,3
7440473,E5,W,Chemical,3
7440473,E5,W,Physical,7
7440473,E6,A,Physical,1
7440473,E6,L,Physical,3
7440473,E6,S,Physical,7
7440473,E6,W,Chemical,1
7440473,E6,W,Physical,8
7440484,E1,L,Physical,1
7440484,E1,S,Physical,2
7440484,E3,A,Physical,1
7440484,E3,S,Physical,2
7440484,E4,A,Chemical,1
7440484,E4,S,Physical,2
7440484,E4,W,Chemical,2
7440484,E5,A,Physical,1
7440484,E5,S,Physical,1
7440484,E5,W,Physical,1
7440484,E6,A,Physical,1
7440484,E6,S,Physical,2
7440484,E6,W,Physical,2
7440508,E1,A,Physical,1
7440508,E1,L,Chemical,2
7440508,E1,L,Physical,10
7440508,E1,S,Chemical,1
7440508,E1,S,Physical,6
7440508,E1,W,Chemical,4
7440508,E1,W,Physical,12
7440508,E3,L,Chemical,3
7440508,E3,L,Physical,1
7440508,E3,S,Physical,6
7440508,E3,W,Chemical,7
7440508,E3,W,Physical,5
7440508,E4,A,Physical,3
7440508,E4,L,Physical,1
7440508,E4,S,Chemical,1
7440508,E4,S,Physical,10
7440508,E4,W,Chemical,30
7440508,E4,W,Physical,16
7440508,E4,X,Chemical,1
7440508,E4,X,Physical,1
7440508,E5,A,Chemical,1
7440508,E5,A,Physical,1
7440508,E5,L,Physical,1
7440508,E5,S,Chemical,1
7440508,E5,S,Physical,7
7440508,E5,W,Chemical,13
7440508,E5,W,Physical,7
7440508,E6,L,Chemical,1
7440508,E6,L,Physical,1
7440508,E6,S,Chemical,3
7440508,E6,S,Physical,14
7440508,E6,W,Chemical,7
7440508,E6,W,Physical,11
7440622,E6,S,Physical,2
7440622,E6,W,Physical,1
7440666,E1,A,Physical,1
7440666,E1,S,Chemical,1
7440666,E1,W,Chemical,1
7440666,E1,W,Physical,1
7440666,E3,S,Physical,1
7440666,E3,W,Chemical,2
7440666,E3,W,Physical,1
7440666,E4,A,Physical,1
7440666,E4,S,Physical,4
7440666,E4,W,Chemical,2
7440666,E4,W,Physical,2
7440666,E4,X,Physical,1
7440666,E5,A,Physical,1
7440666,E5,S,Chemical,1
7440666,E5,W,Chemical,2
7440666,E5,W,Physical,4
7440666,E6,A,Physical,1
7440666,E6,L,Chemical,1
7440666,E6,S,Chemical,1
7440666,E6,S,Physical,2
7440666,E6,W,Chemical,1
7440666,E6,W,Physical,3
74839,E6,W,Physical,1
74851,E1,W,Physical,2
74873,E1,W,Physical,1
74873,E5,W,Physical,1
74873,E6,W,Physical,2
74908,E1,W,Chemical,3
74908,E1,W,Physical,1
74908,E3,W,Chemical,1
74908,E4,W,Chemical,2
74908,E4,W,Physical,1
74908,E6,L,Physical,1
74908,E6,W,Physical,2
75003,E1,S,Physical,1
75014,E3,A,Physical,1
75058,E1,W,Physical,2
75058,E3,L,Chemical,1
75058,E6,L,Physical,2
75058,E6,S,Physical,1
75058,E6,W,Physical,1
75070,E1,A,Physical,1
75070,E1,W,Physical,1
75070,E4,A,Chemical,2
75070,E4,A,Physical,2
75070,E5,W,Physical,1
75070,E6,W,Physical,4
75092,E1,A,Chemical,1
75092,E1,L,Physical,4
75092,E1,W,Chemical,1
75092,E1,W,Physical,5
75092,E3,L,Chemical,1
75092,E3,W,Chemical,1
75092,E3,W,Physical,2
75092,E4,L,Physical,1
75092,E4,S,Physical,3
75092,E4,W,Chemical,1
75092,E4,W,Physical,2
75092,E5,A,Physical,2
75092,E5,L,Physical,4
75092,E5,S,Physical,1
75092,E5,W,Chemical,1
75092,E5,W,Physical,2
75092,E6,L,Chemical,1
75092,E6,L,Physical,6
75092,E6,S,Physical,2
75092,E6,W,Chemical,1
75092,E6,W,Physical,4
75150,E1,L,Physical,1
75150,E3,A,Chemical,2
75150,E3,W,Chemical,1
75150,E5,A,Physical,1
75150,E6,W,Physical,1
75218,E1,A,Chemical,2
75218,E1,L,Chemical,2
75218,E1,W,Chemical,8
75218,E1,W,Physical,1
75218,E3,A,Chemical,7
75218,E3,A,Physical,1
75218,E3,W,Chemical,5
75218,E3,W,Physical,2
75218,E4,A,Chemical,8
75218,E4,L,Chemical,2
75218,E4,W,Chemical,3
75218,E4,X,Chemical,2
75218,E5,W,Chemical,3
75218,E6,A,Chemical,1
75218,E6,L,Chemical,2
75218,E6,S,Physical,1
75218,E6,W,Chemical,3
75218,E6,W,Physical,1
75343,E3,L,Physical,1
75354,E1,W,Physical,1
75354,E3,W,Chemical,1
75354,E6,S,Physical,1
75354,E6,W,Physical,1
75434,E6,S,Physical,1
75445,E1,W,Chemical,1
75445,E1,W,Physical,1
75445,E4,A,Chemical,1
75445,E5,A,Chemical,1
75456,E6,A,Physical,1
75456,E6,L,Chemical,1
7550450,E1,A,Chemical,1
7550450,E1,L,Chemical,3
7550450,E1,W,Chemical,3
7550450,E4,W,Chemical,1
7550450,E6,A,Chemical,1
7550450,E6,W,Chemical,1
75569,E1,L,Chemical,1
75569,E1,W,Chemical,3
75569,E1,W,Physical,2
75569,E3,A,Chemical,1
75569,E3,W,Chemical,1
75569,E3,W,Physical,1
75569,E4,L,Chemical,1
75569,E4,W,Chemical,1
75569,E4,X,Chemical,1
75569,E5,A,Physical,1
75569,E5,W,Chemical,1
75569,E6,L,Physical,1
75569,E6,W,Physical,3
75650,E4,W,Physical,1
75650,E5,A,Physical,1
75650,E6,L,Physical,1
75650,E6,S,Physical,2
75650,E6,W,Physical,1
75683,E6,A,Physical,1
75694,E4,L,Physical,1
75694,E6,L,Physical,2
75718,E1,A,Physical,1
75718,E6,A,Physical,1
75718,E6,W,Physical,1
76062,E1,W,Chemical,1
76131,E1,L,Physical,2
76131,E1,W,Physical,1
76131,E3,W,Physical,1
76131,E4,L,Physical,1
76131,E4,S,Physical,1
76131,E4,W,Physical,1
76131,E5,L,Physical,3
76131,E5,W,Physical,1
76131,E6,L,Physical,1
76131,E6,S,Physical,1
76131,E6,W,Physical,2
76142,E6,A,Physical,1
7632000,E1,L,Chemical,1
7632000,E1,S,Physical,2
7632000,E1,W,Chemical,7
7632000,E1,W,Physical,1
7632000,E4,W,Chemical,3
7632000,E5,S,Physical,1
7632000,E6,S,Chemical,2
7632000,E6,W,Chemical,2
7632000,E6,W,Physical,4
7637072,E3,W,Chemical,1
76448,E6,S,Chemical,1
76448,E6,S,Physical,2
7647010,E1,A,Physical,1
7647010,E1,L,Chemical,2
7647010,E1,L,Physical,2
7647010,E1,W,Chemical,24
7647010,E1,W,Physical,50
7647010,E3,W,Chemical,2
7647010,E3,W,Physical,4
7647010,E4,L,Chemical,1
7647010,E4,S,Chemical,1
7647010,E4,W,Chemical,2
7647010,E4,W,Physical,4
7647010,E4,X,Chemical,1
7647010,E4,X,Physical,1
7647010,E5,A,Chemical,1
7647010,E5,A,Physical,2
7647010,E5,L,Physical,2
7647010,E5,W,Chemical,1
7647010,E5,W,Physical,5
7647010,E6,A,Chemical,1
7647010,E6,S,Physical,1
7647010,E6,W,Chemical,2
7647010,E6,W,Physical,6
7664382,E1,L,Chemical,5
7664382,E1,L,Physical,2
7664382,E1,S,Physical,5
7664382,E1,W,Chemical,10
7664382,E1,W,Physical,82
7664382,E3,W,Chemical,1
7664382,E3,W,Physical,16
7664382,E4,A,Physical,1
7664382,E4,S,Physical,1
7664382,E4,W,Chemical,2
7664382,E4,W,Physical,19
7664382,E5,A,Physical,1
7664382,E5,L,Physical,1
7664382,E5,S,Physical,1
7664382,E5,W,Physical,7
7664382,E6,S,Chemical,1
7664382,E6,S,Physical,2
7664382,E6,W,Chemical,2
7664382,E6,W,Physical,16
7664393,E1,L,Chemical,1
7664393,E1,S,Chemical,1
7664393,E1,S,Physical,1
7664393,E1,W,Physical,4
7664393,E3,A,Chemical,1
7664393,E3,W,Physical,1
7664393,E4,A,Physical,1
7664393,E4,W,Physical,2
7664393,E5,L,Chemical,1
7664393,E5,W,Chemical,1
7664393,E6,A,Chemical,1
7664393,E6,S,Physical,1
7664393,E6,W,Physical,1
7664417,E1,A,Chemical,6
7664417,E1,A,Physical,5
7664417,E1,W,Chemical,13
7664417,E1,W,Physical,17
7664417,E3,A,Chemical,1
7664417,E3,A,Physical,1
7664417,E3,W,Chemical,7
7664417,E3,W,Physical,3
7664417,E4,A,Chemical,3
7664417,E4,A,Physical,6
7664417,E4,L,Chemical,1
7664417,E4,S,Physical,1
7664417,E4,W,Chemical,14
7664417,E4,W,Physical,12
7664417,E4,X,Chemical,1
7664417,E5,A,Chemical,3
7664417,E5,A,Physical,1
7664417,E5,L,Physical,3
7664417,E5,W,Chemical,8
7664417,E5,W,Physical,15
7664417,E6,A,Chemical,3
7664417,E6,A,Physical,2
7664417,E6,L,Physical,2
7664417,E6,S,Chemical,2
7664417,E6,S,Physical,7
7664417,E6,W,Chemical,13
7664417,E6,W,Physical,31
7664939,E1,A,Physical,3
7664939,E1,L,Chemical,3
7664939,E1,L,Physical,7
7664939,E1,S,Chemical,1
7664939,E1,S,Physical,6
7664939,E1,W,Chemical,37
7664939,E1,W,Physical,82
7664939,E3,A,Physical,3
7664939,E3,W,Chemical,4
7664939,E3,W,Physical,7
7664939,E4,A,Physical,3
7664939,E4,L,Physical,1
7664939,E4,S,Chemical,1
7664939,E4,W,Chemical,1
7664939,E4,W,Physical,19
7664939,E4,X,Physical,1
7664939,E5,A,Physical,2
7664939,E5,L,Chemical,3
7664939,E5,L,Physical,2
7664939,E5,W,Chemical,6
7664939,E5,W,Physical,5
7664939,E6,A,Physical,3
7664939,E6,S,Physical,1
7664939,E6,W,Chemical,3
7664939,E6,W,Physical,21
7697372,E1,L,Chemical,1
7697372,E1,L,Physical,1
7697372,E1,S,Chemical,1
7697372,E1,S,Physical,2
7697372,E1,W,Chemical,19
7697372,E1,W,Physical,70
7697372,E3,L,Physical,1
7697372,E3,W,Chemical,1
7697372,E3,W,Physical,18
7697372,E4,A,Physical,1
7697372,E4,W,Chemical,3
7697372,E4,W,Physical,17
7697372,E5,A,Physical,1
7697372,E5,L,Chemical,1
7697372,E5,L,Physical,2
7697372,E5,S,Physical,2
7697372,E5,W,Chemical,1
7697372,E5,W,Physical,11
7697372,E6,L,Physical,1
7697372,E6,S,Chemical,1
7697372,E6,S,Physical,3
7697372,E6,W,Chemical,6
7697372,E6,W,Physical,16
7723140,E1,S,Chemical,1
7723140,E1,S,Physical,1
7723140,E1,W,Chemical,2
7723140,E4,S,Physical,1
7723140,E4,W,Physical,1
7723140,E5,W,Chemical,1
7723140,E5,W,Physical,1
7723140,E6,S,Physical,1
7757826,E1,S,Physical,4
7757826,E1,W,Physical,3
7757826,E5,S,Physical,1
7757826,E5,W,Chemical,1
7757826,E6,W,Physical,1
77781,E1,L,Chemical,1
77781,E1,W,Chemical,5
77781,E1,W,Physical,1
7782492,E1,W,Physical,1
7782492,E3,W,Chemical,1
7782492,E6,L,Physical,1
7782492,E6,S,Physical,4
7782492,E6,W,Physical,1
7782505,E1,A,Chemical,15
7782505,E1,L,Chemical,7
7782505,E1,S,Physical,1
7782505,E1,W,Chemical,103
7782505,E1,W,Physical,21
7782505,E1,X,Chemical,1
7782505,E3,A,Chemical,5
7782505,E3,L,Chemical,2
7782505,E3,W,Chemical,19
7782505,E3,W,Physical,3
7782505,E4,A,Chemical,5
7782505,E4,L,Chemical,1
7782505,E4,W,Chemical,41
7782505,E4,W,Physical,6
7782505,E5,A,Chemical,2
7782505,E5,W,Chemical,30
7782505,E5,W,Physical,5
7782505,E6,A,Chemical,4
7782505,E6,W,Chemical,13
7782505,E6,W,Physical,7
7783202,E1,S,Physical,3
7783202,E1,W,Chemical,8
7783202,E1,W,Physical,6
7783202,E3,W,Physical,3
7783202,E4,W,Chemical,1
7783202,E4,W,Physical,2
7783202,E5,W,Physical,1
7783202,E6,W,Chemical,1
7783202,E6,W,Physical,2
7803512,E5,W,Chemical,1
78875,E5,W,Chemical,1
78922,E6,L,Physical,1
78922,E6,W,Chemical,1
78933,E1,L,Chemical,2
78933,E1,L,Physical,1
78933,E1,S,Physical,1
78933,E1,W,Chemical,1
78933,E1,W,Physical,2
78933,E3,A,Physical,1
78933,E3,L,Physical,4
78933,E3,W,Chemical,1
78933,E4,A,Physical,2
78933,E4,L,Physical,7
78933,E4,S,Physical,3
78933,E4,W,Chemical,2
78933,E4,W,Physical,1
78933,E5,A,Physical,4
78933,E5,L,Chemical,1
78933,E5,L,Physical,29
78933,E5,S,Physical,6
78933,E5,W,Chemical,1
78933,E5,W,Physical,1
78933,E6,A,Physical,2
78933,E6,L,Chemical,1
78933,E6,L,Physical,13
78933,E6,S,Chemical,1
78933,E6,S,Physical,5
78933,E6,W,Chemical,1
79005,E6,S,Physical,1
79016,E1,A,Physical,2
79016,E1,L,Physical,1
79016,E3,A,Physical,1
79016,E3,W,Physical,1
79016,E4,L,Physical,6
79016,E4,W,Physical,1
79016,E5,A,Physical,1
79016,E5,L,Physical,6
79016,E6,L,Physical,4
79016,E6,S,Physical,1
79016,E6,W,Physical,1
79061,E1,W,Chemical,2
79061,E1,W,Physical,1
79061,E3,L,Chemical,2
79061,E3,W,Chemical,3
79061,E4,W,Chemical,1
79061,E5,W,Chemical,3
79061,E5,W,Physical,2
79061,E6,A,Physical,1
79061,E6,L,Physical,1
79061,E6,W,Chemical,1
79061,E6,W,Physical,1
79107,E1,L,Chemical,1
79107,E1,W,Chemical,1
79107,E1,W,Physical,2
79107,E5,W,Chemical,1
79107,E5,W,Physical,1
79107,E6,L,Physical,2
79107,E6,S,Physical,1
79107,E6,W,Physical,4
79221,E4,L,Chemical,1
79221,E4,W,Chemical,1
79469,E4,W,Chemical,1
8001352,E6,S,Chemical,1
8001352,E6,S,Physical,2
8001589,E4,W,Physical,1
8001589,E5,W,Physical,1
8001589,E6,L,Physical,1
8001589,E6,S,Physical,3
8001589,E6,W,Physical,1
80057,E1,L,Chemical,1
80057,E4,S,Physical,1
80159,E1,W,Chemical,1
80159,E1,W,Physical,1
80159,E5,W,Chemical,1
80626,E1,L,Chemical,2
80626,E1,W,Physical,2
80626,E3,L,Physical,2
80626,E4,S,Physical,1
80626,E4,W,Chemical,5
80626,E5,S,Chemical,2
80626,E5,W,Physical,1
80626,E6,S,Chemical,1
80626,E6,S,Physical,1
80626,E6,W,Chemical,1
80626,E6,W,Physical,1
81072,E1,W,Chemical,1
81072,E3,W,Chemical,1
82688,E5,W,Physical,1
84662,E1,L,Chemical,1
84662,E5,A,Physical,1
84742,E4,W,Chemical,1
84742,E4,W,Physical,1
84742,E6,S,Physical,1
84742,E6,W,Chemical,1
85018,E6,S,Physical,1
85449,E1,W,Chemical,3
85449,E1,W,Physical,3
85449,E4,A,Physical,1
85449,E4,W,Physical,1
85449,E6,A,Physical,1
85449,E6,S,Physical,1
85687,E1,L,Chemical,1
85687,E4,L,Chemical,1
872504,E1,W,Chemical,1
872504,E4,L,Physical,1
872504,E4,S,Physical,1
872504,E4,W,Physical,1
872504,E5,L,Chemical,1
872504,E5,W,Physical,1
872504,E6,W,Chemical,1
872504,E6,W,Physical,2
87865,E1,W,Physical,1
87865,E4,S,Physical,1
87865,E4,W,Physical,1
87865,E5,W,Physical,2
87865,E6,S,Physical,2
90040,E5,W,Chemical,1
90437,E5,W,Physical,1
90437,E6,W,Physical,1
91087,E1,A,Physical,1
91087,E1,L,Chemical,4
91087,E1,W,Chemical,1
91087,E3,L,Chemical,3
91087,E4,L,Chemical,3
91087,E6,W,Physical,1
91203,E1,L,Physical,1
91203,E1,S,Physical,1
91203,E1,W,Physical,5
91203,E3,A,Physical,1
91203,E3,S,Physical,1
91203,E4,L,Physical,10
91203,E4,W,Physical,1
91203,E5,W,Physical,2
91203,E6,L,Physical,4
91203,E6,S,Physical,5
91203,E6,W,Chemical,1
91203,E6,W,Physical,3
91941,E3,W,Chemical,1
924425,E1,W,Chemical,1
924425,E5,W,Physical,1
92524,E5,W,Physical,1
92524,E6,W,Physical,5
93652,E5,S,Physical,1
94360,E1,A,Chemical,1
94360,E1,S,Chemical,4
94360,E1,W,Chemical,1
94360,E3,S,Chemical,2
94746,E4,W,Physical,1
94757,E3,W,Physical,1
94757,E4,W,Physical,1
94757,E5,S,Physical,1
95476,E5,W,Chemical,1
95476,E6,S,Physical,1
95487,E1,L,Physical,1
95487,E3,W,Physical,2
95487,E6,W,Physical,1
95501,E6,S,Physical,1
95501,E6,W,Physical,1
95636,E1,L,Physical,2
95636,E1,S,Physical,1
95636,E1,W,Physical,2
95636,E3,A,Physical,4
95636,E4,L,Physical,4
95636,E4,S,Chemical,1
95636,E4,W,Chemical,1
95636,E4,W,Physical,1
95636,E5,A,Physical,2
95636,E5,L,Physical,4
95636,E6,A,Physical,2
95636,E6,L,Physical,3
95636,E6,S,Physical,3
95636,E6,W,Physical,1
95807,E5,W,Physical,1
95807,E6,S,Physical,1
961115,E4,S,Physical,1
961115,E5,S,Physical,1
96333,E1,W,Physical,1
96333,E5,W,Physical,2
96333,E6,W,Physical,1
98828,E1,W,Physical,2
98828,E3,A,Physical,1
98828,E4,W,Physical,1
98828,E6,S,Physical,1
98862,E6,L,Physical,1
98884,E1,L,Chemical,1
98884,E1,S,Chemical,1
98884,E1,W,Chemical,1
98884,E4,L,Chemical,1
98884,E4,W,Chemical,2
98953,E6,L,Physical,1
98953,E6,S,Chemical,1
N010,E1,S,Physical,2
N010,E3,W,Chemical,1
N010,E4,L,Physical,1
N010,E4,S,Chemical,1
N010,E4,S,Physical,2
N010,E4,W,Chemical,1
N010,E5,A,Physical,1
N010,E5,S,Physical,2
N010,E6,A,Physical,1
N010,E6,S,Chemical,1
N010,E6,S,Physical,5
N010,E6,W,Physical,5
N020,E1,W,Physical,2
N020,E4,W,Chemical,1
N020,E6,S,Chemical,6
N020,E6,S,Physical,7
N020,E6,W,Physical,4
N040,E1,L,Physical,1
N040,E1,S,Chemical,1
N040,E1,S,Physical,5
N040,E1,W,Chemical,1
N040,E1,W,Physical,2
N040,E3,A,Physical,1
N040,E3,L,Physical,1
N040,E3,S,Physical,1
N040,E3,W,Chemical,2
N040,E4,L,Physical,3
N040,E4,S,Chemical,1
N040,E4,S,Physical,5
N040,E4,W,Chemical,4
N040,E5,A,Chemical,1
N040,E5,A,Physical,1
N040,E5,S,Chemical,1
N040,E5,S,Physical,4
N040,E5,W,Chemical,1
N040,E5,W,Physical,1
N040,E6,L,Chemical,1
N040,E6,L,Physical,2
N040,E6,S,Chemical,7
N040,E6,S,Physical,19
N040,E6,W,Physical,5
N050,E6,S,Physical,2
N078,E1,S,Physical,1
N078,E3,W,Chemical,1
N078,E4,W,Chemical,2
N078,E4,W,Physical,1
N078,E5,S,Physical,1
N078,E6,S,Chemical,2
N078,E6,S,Physical,1
N078,E6,W,Physical,1
N090,E1,A,Physical,1
N090,E1,S,Chemical,2
N090,E1,S,Physical,5
N090,E1,W,Physical,1
N090,E3,L,Physical,2
N090,E3,S,Physical,4
N090,E3,W,Chemical,2
N090,E3,W,Physical,3
N090,E4,L,Physical,1
N090,E4,S,Physical,4
N090,E4,W,Chemical,6
N090,E4,W,Physical,5
N090,E5,A,Chemical,1
N090,E5,A,Physical,1
N090,E5,L,Physical,1
N090,E5,S,Physical,2
N090,E5,W,Chemical,4
N090,E5,W,Physical,3
N090,E6,L,Chemical,1
N090,E6,L,Physical,2
N090,E6,S,Chemical,7
N090,E6,S,Physical,22
N090,E6,W,Chemical,1
N090,E6,W,Physical,12
N096,E1,S,Physical,1
N096,E1,W,Physical,3
N096,E3,S,Physical,1
N096,E3,W,Chemical,1
N096,E3,W,Physical,2
N096,E4,L,Physical,1
N096,E4,S,Chemical,1
N096,E4,W,Chemical,2
N096,E5,A,Chemical,2
N096,E5,A,Physical,1
N096,E5,S,Chemical,1
N096,E6,S,Chemical,3
N096,E6,S,Physical,3
N096,E6,W,Physical,3
N100,E1,L,Physical,1
N100,E1,S,Physical,3
N100,E1,W,Chemical,5
N100,E1,W,Physical,3
N100,E3,L,Physical,1
N100,E3,S,Chemical,1
N100,E3,W,Chemical,8
N100,E3,W,Physical,6
N100,E4,L,Chemical,2
N100,E4,L,Physical,2
N100,E4,S,Chemical,1
N100,E4,S,Physical,5
N100,E4,W,Chemical,25
N100,E4,W,Physical,15
N100,E4,X,Chemical,1
N100,E5,A,Chemical,1
N100,E5,A,Physical,1
N100,E5,L,Physical,1
N100,E5,S,Chemical,1
N100,E5,S,Physical,3
N100,E5,W,Chemical,7
N100,E5,W,Physical,5
N100,E6,S,Chemical,7
N100,E6,S,Physical,18
N100,E6,W,Chemical,4
N100,E6,W,Physical,14
N106,E1,A,Chemical,2
N106,E1,S,Chemical,1
N106,E1,S,Physical,1
N106,E1,W,Chemical,4
N106,E1,W,Physical,2
N106,E3,A,Chemical,1
N106,E3,W,Chemical,1
N106,E3,W,Physical,3
N106,E4,A,Chemical,1
N106,E4,W,Chemical,3
N106,E4,W,Physical,3
N106,E5,W,Physical,2
N106,E6,S,Physical,2
N106,E6,W,Chemical,2
N106,E6,W,Physical,3
N120,E1,L,Chemical,17
N120,E1,L,Physical,3
N120,E1,S,Chemical,5
N120,E1,S,Physical,4
N120,E1,W,Chemical,2
N120,E3,L,Chemical,3
N120,E3,S,Chemical,1
N120,E3,S,Physical,2
N120,E4,L,Chemical,6
N120,E4,L,Physical,4
N120,E4,S,Physical,1
N120,E4,W,Chemical,1
N120,E5,L,Chemical,1
N120,E6,L,Chemical,6
N120,E6,L,Physical,3
N120,E6,S,Physical,7
N150,E1,A,Physical,1
N150,E6,S,Chemical,3
N150,E6,S,Physical,2
N230,E1,L,Chemical,1
N230,E1,L,Physical,2
N230,E1,W,Chemical,10
N230,E1,W,Physical,12
N230,E3,L,Physical,2
N230,E3,W,Physical,1
N230,E4,A,Physical,2
N230,E4,L,Chemical,1
N230,E4,L,Physical,3
N230,E4,S,Chemical,1
N230,E4,S,Physical,1
N230,E4,W,Chemical,7
N230,E4,W,Physical,8
N230,E5,A,Physical,1
N230,E5,L,Chemical,1
N230,E5,L,Physical,3
N230,E5,S,Physical,1
N230,E5,W,Chemical,4
N230,E5,W,Physical,5
N230,E6,A,Physical,2
N230,E6,L,Physical,2
N230,E6,S,Physical,1
N230,E6,W,Chemical,6
N230,E6,W,Physical,16
N420,E1,L,Physical,1
N420,E1,S,Chemical,3
N420,E1,S,Physical,9
N420,E1,W,Chemical,3
N420,E1,W,Physical,2
N420,E3,L,Chemical,1
N420,E3,L,Physical,1
N420,E3,S,Physical,3
N420,E3,W,Chemical,1
N420,E3,W,Physical,3
N420,E4,L,Physical,1
N420,E4,S,Physical,3
N420,E4,W,Chemical,4
N420,E4,W,Physical,2
N420,E5,A,Chemical,2
N420,E5,A,Physical,1
N420,E5,S,Chemical,1
N420,E5,S,Physical,5
N420,E5,W,Chemical,5
N420,E5,W,Physical,1
N420,E6,A,Physical,1
N420,E6,L,Chemical,1
N420,E6,L,Physical,2
N420,E6,S,Chemical,11
N420,E6,S,Physical,33
N420,E6,W,Chemical,3
N420,E6,W,Physical,5
N450,E1,S,Physical,4
N450,E1,W,Chemical,1
N450,E3,A,Physical,1
N450,E3,S,Physical,1
N450,E3,W,Chemical,1
N450,E3,W,Physical,2
N450,E4,A,Physical,1
N450,E4,L,Physical,2
N450,E4,S,Physical,5
N450,E4,W,Physical,2
N450,E5,A,Chemical,1
N450,E5,S,Chemical,1
N450,E5,S,Physical,2
N450,E6,L,Physical,1
N450,E6,S,Chemical,7
N450,E6,S,Physical,20
N450,E6,W,Physical,7
N458,E3,S,Physical,1
N458,E3,W,Chemical,1
N458,E4,W,Physical,1
N458,E5,A,Chemical,2
N458,E6,L,Physical,1
N458,E6,S,Chemical,8
N458,E6,S,Physical,9
N458,E6,W,Physical,2
N495,E1,A,Physical,1
N495,E1,S,Physical,3
N495,E1,W,Chemical,2
N495,E1,W,Physical,4
N495,E3,L,Physical,1
N495,E3,S,Physical,3
N495,E3,W,Chemical,4
N495,E3,W,Physical,4
N495,E4,L,Chemical,1
N495,E4,L,Physical,1
N495,E4,S,Physical,4
N495,E4,W,Chemical,12
N495,E4,W,Physical,2
N495,E5,A,Chemical,2
N495,E5,A,Physical,1
N495,E5,S,Chemical,2
N495,E5,S,Physical,2
N495,E5,W,Chemical,5
N495,E5,W,Physical,4
N495,E6,L,Chemical,1
N495,E6,L,Physical,1
N495,E6,S,Chemical,9
N495,E6,S,Physical,13
N495,E6,W,Chemical,1
N495,E6,W,Physical,10
N511,E1,S,Chemical,1
N511,E1,S,Physical,1
N511,E1,W,Chemical,2
N511,E1,W,Physical,8
N511,E3,W,Chemical,1
N511,E3,W,Physical,1
N511,E4,S,Chemical,1
N511,E4,S,Physical,1
N511,E4,W,Physical,3
N511,E5,L,Physical,1
N511,E5,S,Chemical,1
N511,E5,W,Chemical,5
N511,E5,W,Physical,4
N511,E6,S,Chemical,1
N511,E6,S,Physical,3
N511,E6,W,Chemical,7
N511,E6,W,Physical,24
N583,E6,L,Physical,1
N590,E1,S,Physical,1
N590,E4,L,Physical,1
N590,E5,A,Chemical,1
N590,E5,L,Chemical,1
N590,E6,A,Physical,1
N590,E6,L,Physical,5
N590,E6,S,Physical,8
N590,E6,W,Physical,2
N725,E3,W,Chemical,1
N725,E4,W,Chemical,1
N725,E5,A,Chemical,1
N725,E6,S,Chemical,3
N725,E6,S,Physical,1
N725,E6,W,Physical,1
N740,E3,W,Physical,1
N740,E4,L,Physical,1
N740,E4,S,Physical,1
N740,E4,W,Chemical,1
N740,E4,W,Physical,1
N740,E5,W,Physical,1
N740,E6,S,Chemical,1
N740,E6,S,Physical,1
N740,E6,W,Physical,2
N760,E6,S,Physical,1
N770,E5,W,Physical,1
N770,E6,S,Chemical,2
N770,E6,S,Physical,4
N770,E6,W,Physical,1
N982,E1,A,Physical,1
N982,E1,L,Chemical,1
N982,E1,L,Physical,1
N982,E1,S,Chemical,1
N982,E1,S,Physical,9
N982,E1,W,Chemical,3
N982,E1,W,Physical,3
N982,E3,L,Physical,1
N982,E3,S,Physical,3
N982,E3,W,Chemical,8
N982,E3,W,Physical,7
N982,E4,A,Physical,3
N982,E4,L,Chemical,2
N982,E4,L,Physical,3
N982,E4,S,Chemical,2
N982,E4,S,Physical,8
N982,E4,W,Chemical,15
N982,E4,W,Physical,5
N982,E4,X,Physical,1
N982,E5,A,Physical,1
N982,E5,L,Physical,1
N982,E5,S,Chemical,1
N982,E5,S,Physical,5
N982,E5,W,Chemical,4
N982,E5,W,Physical,4
N982,E6,L,Chemical,1
N982,E6,S,Chemical,7
N982,E6,S,Physical,19
N982,E6,W,Chemical,3
N982,E6,W,Physical,19
